,instant,temp,hum,windspeed,cnt,season_2,season_3,season_4,holiday_1,weathersit_2,weathersit_3,year,day,month_sin,month_cos,weekday_sin,weekday_cos
682,683,0.343333,0.662917,0.342046,4094,False,False,True,False,True,False,2012,13,-0.5000000000000004,0.8660254037844384,0.9749279121818236,-0.22252093395631434
250,251,0.633913,0.939565,0.192748,1842,False,True,False,False,False,True,2011,8,-1.0,-1.8369701987210297e-16,-0.433883739117558,-0.9009688679024191
336,337,0.299167,0.612917,0.0957833,3614,False,False,True,False,False,False,2011,3,-2.4492935982947064e-16,1.0,-0.7818314824680299,0.6234898018587334
260,261,0.5075,0.695,0.178483,4274,False,True,False,False,False,False,2011,18,-1.0,-1.8369701987210297e-16,0.0,1.0
543,544,0.6975,0.36,0.271775,7335,False,True,False,False,False,False,2012,27,1.2246467991473532e-16,-1.0,0.43388373911755823,-0.900968867902419
136,137,0.561667,0.837917,0.277354,4123,True,False,False,False,True,False,2011,17,0.49999999999999994,-0.8660254037844387,0.9749279121818236,-0.22252093395631434
215,216,0.71,0.7575,0.19715,4576,False,True,False,False,True,False,2011,4,-0.8660254037844385,-0.5000000000000004,-0.433883739117558,-0.9009688679024191
6,7,0.196522,0.498696,0.168726,1510,False,False,False,False,True,False,2011,7,0.49999999999999994,0.8660254037844387,-0.9749279121818236,-0.2225209339563146
323,324,0.463333,0.684583,0.18595,3520,False,False,True,False,True,False,2011,20,-0.5000000000000004,0.8660254037844384,0.0,1.0
398,399,0.313333,0.526667,0.178496,4151,False,False,False,False,False,False,2012,3,0.8660254037844386,0.5000000000000001,-0.9749279121818236,-0.2225209339563146
541,542,0.715833,0.504167,0.300383,6779,False,True,False,False,False,False,2012,25,1.2246467991473532e-16,-1.0,0.7818314824680298,0.6234898018587336
291,292,0.541739,0.895217,0.243339,2424,False,False,True,False,False,True,2011,19,-0.8660254037844386,0.5000000000000001,0.43388373911755823,-0.900968867902419
145,146,0.708333,0.6775,0.199642,4677,True,False,False,False,False,False,2011,26,0.49999999999999994,-0.8660254037844387,-0.433883739117558,-0.9009688679024191
482,483,0.4575,0.400833,0.347633,6233,True,False,False,False,False,False,2012,27,0.8660254037844387,-0.4999999999999998,-0.9749279121818236,-0.2225209339563146
132,133,0.5125,0.863333,0.179725,4105,True,False,False,False,True,False,2011,13,0.49999999999999994,-0.8660254037844387,-0.9749279121818236,-0.2225209339563146
311,312,0.408333,0.721667,0.0690375,4205,False,False,True,False,False,False,2011,8,-0.5000000000000004,0.8660254037844384,0.9749279121818236,-0.22252093395631434
698,699,0.28087,0.555652,0.115522,5323,False,False,True,False,False,False,2012,29,-0.5000000000000004,0.8660254037844384,-0.433883739117558,-0.9009688679024191
41,42,0.189091,0.506364,0.10855,1746,False,False,False,False,False,False,2011,11,0.8660254037844386,0.5000000000000001,-0.9749279121818236,-0.2225209339563146
108,109,0.505833,0.665833,0.157971,3204,True,False,False,False,True,False,2011,19,0.8660254037844387,-0.4999999999999998,0.9749279121818236,-0.22252093395631434
439,440,0.5575,0.579583,0.149883,6192,False,False,False,False,False,False,2012,15,1.0,6.123233995736766e-17,-0.433883739117558,-0.9009688679024191
56,57,0.2825,0.537917,0.186571,1969,False,False,False,False,False,False,2011,26,0.8660254037844386,0.5000000000000001,-0.7818314824680299,0.6234898018587334
333,334,0.325,0.613333,0.271158,3613,False,False,True,False,False,False,2011,30,-0.5000000000000004,0.8660254037844384,0.43388373911755823,-0.900968867902419
208,209,0.779167,0.583333,0.178479,4390,False,True,False,False,False,False,2011,28,-0.4999999999999997,-0.8660254037844388,-0.433883739117558,-0.9009688679024191
598,599,0.649167,0.67375,0.0727708,7006,False,True,False,False,False,False,2012,21,-0.8660254037844385,-0.5000000000000004,0.9749279121818236,-0.22252093395631434
594,595,0.723333,0.570833,0.231354,7148,False,True,False,False,False,False,2012,17,-0.8660254037844385,-0.5000000000000004,-0.9749279121818236,-0.2225209339563146
24,25,0.223478,0.616957,0.129796,1985,False,False,False,False,True,False,2011,25,0.49999999999999994,0.8660254037844387,0.9749279121818236,-0.22252093395631434
405,406,0.280833,0.54,0.116929,3831,False,False,False,False,True,False,2012,10,0.8660254037844386,0.5000000000000001,-0.9749279121818236,-0.2225209339563146
433,434,0.410833,0.407083,0.4148,4569,False,False,False,False,True,False,2012,9,1.0,6.123233995736766e-17,-0.9749279121818236,-0.2225209339563146
464,465,0.489167,0.3175,0.358196,5585,True,False,False,False,False,False,2012,9,0.8660254037844387,-0.4999999999999998,0.7818314824680298,0.6234898018587336
431,432,0.404167,0.513333,0.345779,4916,False,False,False,False,False,False,2012,7,1.0,6.123233995736766e-17,0.43388373911755823,-0.900968867902419
538,539,0.7775,0.57375,0.182842,5823,False,True,False,False,False,False,2012,22,1.2246467991473532e-16,-1.0,-0.9749279121818236,-0.2225209339563146
110,111,0.459167,0.407083,0.325258,4189,True,False,False,False,False,False,2011,21,0.8660254037844387,-0.4999999999999998,-0.433883739117558,-0.9009688679024191
82,83,0.285,0.805833,0.243787,1865,True,False,False,False,True,False,2011,24,1.0,6.123233995736766e-17,-0.433883739117558,-0.9009688679024191
51,52,0.303333,0.605,0.307846,1107,False,False,False,True,True,False,2011,21,0.8660254037844386,0.5000000000000001,0.7818314824680298,0.6234898018587336
522,523,0.554167,0.61125,0.077125,7055,True,False,False,False,False,False,2012,6,1.2246467991473532e-16,-1.0,0.43388373911755823,-0.900968867902419
585,586,0.75,0.672917,0.1107,7534,False,True,False,False,True,False,2012,8,-0.8660254037844385,-0.5000000000000004,0.43388373911755823,-0.900968867902419
688,689,0.380833,0.623333,0.235067,5499,False,False,True,False,True,False,2012,19,-0.5000000000000004,0.8660254037844384,0.7818314824680298,0.6234898018587336
649,650,0.435,0.463333,0.181596,7570,False,False,True,False,False,False,2012,11,-0.8660254037844386,0.5000000000000001,-0.433883739117558,-0.9009688679024191
525,526,0.710833,0.437083,0.144287,7498,True,False,False,False,False,False,2012,9,1.2246467991473532e-16,-1.0,-0.7818314824680299,0.6234898018587334
367,368,0.15,0.44125,0.365671,2236,False,False,False,False,False,False,2012,3,0.49999999999999994,0.8660254037844387,0.9749279121818236,-0.22252093395631434
689,690,0.374167,0.685,0.082725,5634,False,False,True,False,True,False,2012,20,-0.5000000000000004,0.8660254037844384,0.9749279121818236,-0.22252093395631434
18,19,0.292174,0.741739,0.208317,1650,False,False,False,False,True,False,2011,19,0.49999999999999994,0.8660254037844387,0.43388373911755823,-0.900968867902419
531,532,0.639167,0.589583,0.176617,7665,True,False,False,False,False,False,2012,15,1.2246467991473532e-16,-1.0,-0.9749279121818236,-0.2225209339563146
411,412,0.316667,0.752917,0.091425,3005,False,False,False,False,True,False,2012,16,0.8660254037844386,0.5000000000000001,-0.433883739117558,-0.9009688679024191
292,293,0.475833,0.63625,0.422275,4195,False,False,True,False,False,False,2011,20,-0.8660254037844386,0.5000000000000001,-0.433883739117558,-0.9009688679024191
481,482,0.498333,0.756667,0.176625,5026,True,False,False,False,True,False,2012,26,0.8660254037844387,-0.4999999999999998,-0.433883739117558,-0.9009688679024191
83,84,0.264167,0.495,0.230725,2210,True,False,False,False,False,False,2011,25,1.0,6.123233995736766e-17,-0.9749279121818236,-0.2225209339563146
61,62,0.198333,0.318333,0.225754,1685,False,False,False,False,False,False,2011,3,1.0,6.123233995736766e-17,-0.433883739117558,-0.9009688679024191
204,205,0.83,0.550833,0.169171,3606,False,True,False,False,False,False,2011,24,-0.4999999999999997,-0.8660254037844388,0.0,1.0
424,425,0.344348,0.804783,0.179117,1834,False,False,False,False,True,False,2012,29,0.8660254037844386,0.5000000000000001,0.43388373911755823,-0.900968867902419
29,30,0.216522,0.722174,0.0739826,1096,False,False,False,False,False,False,2011,30,0.49999999999999994,0.8660254037844387,0.0,1.0
231,232,0.6975,0.674167,0.104467,5191,False,True,False,False,False,False,2011,20,-0.8660254037844385,-0.5000000000000004,-0.7818314824680299,0.6234898018587334
213,214,0.783333,0.49125,0.20585,4845,False,True,False,False,False,False,2011,2,-0.8660254037844385,-0.5000000000000004,0.9749279121818236,-0.22252093395631434
487,488,0.564167,0.797083,0.138058,6169,True,False,False,False,False,False,2012,2,0.49999999999999994,-0.8660254037844387,0.43388373911755823,-0.900968867902419
712,713,0.295833,0.485833,0.174129,5532,False,False,True,False,False,False,2012,13,-2.4492935982947064e-16,1.0,-0.433883739117558,-0.9009688679024191
182,183,0.738333,0.444583,0.115062,5119,False,True,False,False,False,False,2011,2,-0.4999999999999997,-0.8660254037844388,-0.7818314824680299,0.6234898018587334
626,627,0.623333,0.8725,0.357587,4073,False,True,False,False,True,False,2012,18,-1.0,-1.8369701987210297e-16,0.9749279121818236,-0.22252093395631434
248,249,0.54,0.886957,0.343943,2710,False,True,False,False,False,True,2011,6,-1.0,-1.8369701987210297e-16,0.9749279121818236,-0.22252093395631434
362,363,0.248333,0.574167,0.119412,2423,False,False,False,False,False,False,2011,29,-2.4492935982947064e-16,1.0,-0.433883739117558,-0.9009688679024191
664,665,0.545833,0.807083,0.132467,7444,False,False,True,False,True,False,2012,26,-0.8660254037844386,0.5000000000000001,-0.9749279121818236,-0.2225209339563146
549,550,0.780833,0.492083,0.126237,6660,False,True,False,False,False,False,2012,3,-0.4999999999999997,-0.8660254037844388,0.9749279121818236,-0.22252093395631434
654,655,0.468333,0.558333,0.182221,7534,False,False,True,False,False,False,2012,16,-0.8660254037844386,0.5000000000000001,0.9749279121818236,-0.22252093395631434
209,210,0.838333,0.5425,0.174138,3846,False,True,False,False,False,False,2011,29,-0.4999999999999997,-0.8660254037844388,-0.9749279121818236,-0.2225209339563146
450,451,0.445833,0.477917,0.386821,5558,True,False,False,False,False,False,2012,26,1.0,6.123233995736766e-17,0.7818314824680298,0.6234898018587336
408,409,0.2225,0.41125,0.167283,3422,False,False,False,False,False,False,2012,13,0.8660254037844386,0.5000000000000001,0.7818314824680298,0.6234898018587336
176,177,0.68,0.513333,0.0945333,5305,False,True,False,False,False,False,2011,26,1.2246467991473532e-16,-1.0,0.0,1.0
299,300,0.47,0.812917,0.197763,2659,False,False,True,False,True,False,2011,27,-0.8660254037844386,0.5000000000000001,-0.433883739117558,-0.9009688679024191
516,517,0.68,0.492917,0.195279,7338,True,False,False,False,False,False,2012,31,0.49999999999999994,-0.8660254037844387,-0.433883739117558,-0.9009688679024191
533,534,0.5925,0.59875,0.144904,6978,True,False,False,False,False,False,2012,17,1.2246467991473532e-16,-1.0,0.0,1.0
264,265,0.628333,0.902083,0.128125,4795,False,True,False,False,True,False,2011,22,-1.0,-1.8369701987210297e-16,-0.433883739117558,-0.9009688679024191
137,138,0.55,0.87,0.201492,3855,True,False,False,False,True,False,2011,18,0.49999999999999994,-0.8660254037844387,0.43388373911755823,-0.900968867902419
223,224,0.708333,0.415,0.125621,4905,False,True,False,False,False,False,2011,12,-0.8660254037844385,-0.5000000000000004,-0.9749279121818236,-0.2225209339563146
684,685,0.321667,0.620417,0.152987,5445,False,False,True,False,True,False,2012,15,-0.5000000000000004,0.8660254037844384,-0.433883739117558,-0.9009688679024191
685,686,0.345,0.524583,0.171025,5698,False,False,True,False,False,False,2012,16,-0.5000000000000004,0.8660254037844384,-0.9749279121818236,-0.2225209339563146
163,164,0.635,0.494583,0.30535,5020,True,False,False,False,False,False,2011,13,1.2246467991473532e-16,-1.0,0.7818314824680298,0.6234898018587336
394,395,0.269167,0.400833,0.215792,3624,False,False,False,False,False,False,2012,30,0.49999999999999994,0.8660254037844387,0.7818314824680298,0.6234898018587336
641,642,0.6575,0.79375,0.0665458,7572,False,False,True,False,True,False,2012,3,-0.8660254037844386,0.5000000000000001,0.43388373911755823,-0.900968867902419
490,491,0.621667,0.756667,0.152992,6883,True,False,False,False,True,False,2012,5,0.49999999999999994,-0.8660254037844387,-0.7818314824680299,0.6234898018587334
390,391,0.341667,0.769583,0.0733958,4075,False,False,False,False,True,False,2012,26,0.49999999999999994,0.8660254037844387,-0.433883739117558,-0.9009688679024191
371,372,0.393333,0.531667,0.174758,4521,False,False,False,False,False,False,2012,7,0.49999999999999994,0.8660254037844387,-0.7818314824680299,0.6234898018587334
334,335,0.3125,0.524583,0.220158,3727,False,False,True,False,False,False,2011,1,-2.4492935982947064e-16,1.0,-0.433883739117558,-0.9009688679024191
457,458,0.433913,0.504348,0.312139,5936,True,False,False,False,False,False,2012,2,0.8660254037844387,-0.4999999999999998,0.7818314824680298,0.6234898018587336
104,105,0.446667,0.67125,0.226375,3126,True,False,False,True,False,False,2011,15,0.8660254037844387,-0.4999999999999998,-0.9749279121818236,-0.2225209339563146
114,115,0.606667,0.776667,0.185333,4073,True,False,False,False,False,False,2011,25,0.8660254037844387,-0.4999999999999998,0.7818314824680298,0.6234898018587336
656,657,0.5225,0.728333,0.236937,7509,False,False,True,False,True,False,2012,18,-0.8660254037844386,0.5000000000000001,-0.433883739117558,-0.9009688679024191
239,240,0.707059,0.561765,0.304659,4334,False,True,False,False,False,False,2011,28,-0.8660254037844385,-0.5000000000000004,0.0,1.0
655,656,0.455833,0.692917,0.101371,7461,False,False,True,False,False,False,2012,17,-0.8660254037844386,0.5000000000000001,0.43388373911755823,-0.900968867902419
294,295,0.4225,0.629167,0.0926667,4308,False,False,True,False,False,False,2011,22,-0.8660254037844386,0.5000000000000001,-0.7818314824680299,0.6234898018587334
92,93,0.378333,0.48,0.182213,3249,True,False,False,False,False,False,2011,3,0.8660254037844387,-0.4999999999999998,0.0,1.0
7,8,0.165,0.535833,0.266804,959,False,False,False,False,True,False,2011,8,0.49999999999999994,0.8660254037844387,-0.7818314824680299,0.6234898018587334
89,90,0.268333,0.918333,0.217646,1685,True,False,False,False,False,True,2011,31,1.0,6.123233995736766e-17,-0.433883739117558,-0.9009688679024191
554,555,0.8225,0.57375,0.125629,4672,False,True,False,False,False,False,2012,8,-0.4999999999999997,-0.8660254037844388,0.0,1.0
393,394,0.2825,0.31125,0.24005,3243,False,False,False,False,False,False,2012,29,0.49999999999999994,0.8660254037844387,0.0,1.0
670,671,0.365833,0.581667,0.157346,5986,False,False,True,False,True,False,2012,1,-0.5000000000000004,0.8660254037844384,-0.433883739117558,-0.9009688679024191
677,678,0.352174,0.333478,0.347835,5315,False,False,True,False,False,False,2012,8,-0.5000000000000004,0.8660254037844384,-0.433883739117558,-0.9009688679024191
590,591,0.720833,0.545417,0.136212,6883,False,True,False,False,False,False,2012,13,-0.8660254037844385,-0.5000000000000004,0.7818314824680298,0.6234898018587336
547,548,0.815833,0.51875,0.168529,5531,False,True,False,False,False,False,2012,1,-0.4999999999999997,-0.8660254037844388,0.0,1.0
420,421,0.290833,0.395833,0.421642,2732,False,False,False,False,False,False,2012,25,0.8660254037844386,0.5000000000000001,-0.7818314824680299,0.6234898018587334
409,410,0.319167,0.50875,0.141179,3922,False,False,False,False,True,False,2012,14,0.8660254037844386,0.5000000000000001,0.9749279121818236,-0.22252093395631434
11,12,0.172727,0.599545,0.304627,1162,False,False,False,False,False,False,2011,12,0.49999999999999994,0.8660254037844387,0.43388373911755823,-0.900968867902419
140,141,0.6025,0.626667,0.12065,5805,True,False,False,False,False,False,2011,21,0.49999999999999994,-0.8660254037844387,-0.7818314824680299,0.6234898018587334
28,29,0.196522,0.651739,0.145365,1098,False,False,False,False,False,False,2011,29,0.49999999999999994,0.8660254037844387,-0.7818314824680299,0.6234898018587334
43,44,0.316522,0.457391,0.260883,1589,False,False,False,False,False,False,2011,13,0.8660254037844386,0.5000000000000001,0.0,1.0
42,43,0.2225,0.544167,0.203367,1472,False,False,False,False,False,False,2011,12,0.8660254037844386,0.5000000000000001,-0.7818314824680299,0.6234898018587334
73,74,0.317391,0.655652,0.184309,2056,False,False,False,False,True,False,2011,15,1.0,6.123233995736766e-17,0.9749279121818236,-0.22252093395631434
167,168,0.649167,0.735833,0.143029,4844,True,False,False,False,False,False,2011,17,1.2246467991473532e-16,-1.0,-0.9749279121818236,-0.2225209339563146
603,604,0.653333,0.845833,0.228858,5255,False,True,False,False,True,False,2012,26,-0.8660254037844385,-0.5000000000000004,0.0,1.0
639,640,0.520833,0.649167,0.0908042,6778,False,False,True,False,True,False,2012,1,-0.8660254037844386,0.5000000000000001,0.7818314824680298,0.6234898018587336
412,413,0.343333,0.634583,0.205846,4154,False,False,False,False,False,False,2012,17,0.8660254037844386,0.5000000000000001,-0.9749279121818236,-0.2225209339563146
178,179,0.744167,0.634167,0.144283,4648,False,True,False,False,False,False,2011,28,1.2246467991473532e-16,-1.0,0.9749279121818236,-0.22252093395631434
453,454,0.494167,0.439167,0.31965,6133,True,False,False,False,False,False,2012,29,1.0,6.123233995736766e-17,-0.433883739117558,-0.9009688679024191
470,471,0.606667,0.507917,0.225129,7132,True,False,False,False,False,False,2012,15,0.8660254037844387,-0.4999999999999998,0.0,1.0
177,178,0.6825,0.658333,0.107588,4708,False,True,False,False,True,False,2011,27,1.2246467991473532e-16,-1.0,0.7818314824680298,0.6234898018587336
665,666,0.53,0.72,0.235692,7852,False,False,True,False,True,False,2012,27,-0.8660254037844386,0.5000000000000001,-0.7818314824680299,0.6234898018587334
507,508,0.615,0.765833,0.118167,6073,True,False,False,False,True,False,2012,22,0.49999999999999994,-0.8660254037844387,0.9749279121818236,-0.22252093395631434
257,258,0.5775,0.709167,0.271146,3659,False,True,False,False,True,False,2011,15,-1.0,-1.8369701987210297e-16,-0.433883739117558,-0.9009688679024191
296,297,0.463333,0.772083,0.118792,4187,False,False,True,False,False,False,2011,24,-0.8660254037844386,0.5000000000000001,0.7818314824680298,0.6234898018587336
15,16,0.231667,0.48375,0.188433,1204,False,False,False,False,False,False,2011,16,0.49999999999999994,0.8660254037844387,0.0,1.0
428,429,0.325833,0.403333,0.334571,3423,False,False,False,False,False,False,2012,4,1.0,6.123233995736766e-17,0.0,1.0
256,257,0.673333,0.697083,0.1673,4785,False,True,False,False,False,False,2011,14,-1.0,-1.8369701987210297e-16,0.43388373911755823,-0.900968867902419
582,583,0.769167,0.6525,0.290421,5464,False,True,False,False,False,False,2012,5,-0.8660254037844385,-0.5000000000000004,0.0,1.0
324,325,0.4475,0.91,0.138054,2765,False,False,True,False,False,True,2011,21,-0.5000000000000004,0.8660254037844384,0.7818314824680298,0.6234898018587336
517,518,0.654167,0.755417,0.237563,4127,True,False,False,False,True,False,2012,1,1.2246467991473532e-16,-1.0,-0.9749279121818236,-0.2225209339563146
529,530,0.655833,0.582083,0.343279,7421,True,False,False,False,False,False,2012,13,1.2246467991473532e-16,-1.0,0.43388373911755823,-0.900968867902419
346,347,0.2825,0.59,0.14055,3523,False,False,True,False,False,False,2011,13,-2.4492935982947064e-16,1.0,0.9749279121818236,-0.22252093395631434
281,282,0.540833,0.7275,0.06345,5511,False,False,True,False,False,False,2011,9,-0.8660254037844386,0.5000000000000001,0.0,1.0
381,382,0.373043,0.716087,0.34913,2935,False,False,False,False,True,False,2012,17,0.49999999999999994,0.8660254037844387,0.9749279121818236,-0.22252093395631434
9,10,0.150833,0.482917,0.223267,1321,False,False,False,False,False,False,2011,10,0.49999999999999994,0.8660254037844387,0.7818314824680298,0.6234898018587336
249,250,0.599167,0.917083,0.0970208,1996,False,True,False,False,False,True,2011,7,-1.0,-1.8369701987210297e-16,0.43388373911755823,-0.900968867902419
22,23,0.0965217,0.436522,0.2466,986,False,False,False,False,False,False,2011,23,0.49999999999999994,0.8660254037844387,0.0,1.0
221,222,0.766667,0.424167,0.200258,4780,False,True,False,False,False,False,2011,10,-0.8660254037844385,-0.5000000000000004,0.43388373911755823,-0.900968867902419
483,484,0.376667,0.489583,0.129975,4220,True,False,False,False,True,False,2012,28,0.8660254037844387,-0.4999999999999998,-0.7818314824680299,0.6234898018587334
715,716,0.3625,0.83875,0.100742,3786,False,False,True,False,True,False,2012,16,-2.4492935982947064e-16,1.0,0.0,1.0
416,417,0.287826,0.594348,0.205717,3777,False,False,False,False,False,False,2012,21,0.8660254037844386,0.5000000000000001,0.9749279121818236,-0.22252093395631434
610,611,0.696667,0.815,0.0640708,5810,False,True,False,False,True,False,2012,2,-1.0,-1.8369701987210297e-16,0.0,1.0
203,204,0.849167,0.5,0.131221,3285,False,True,False,False,False,False,2011,23,-0.4999999999999997,-0.8660254037844388,-0.7818314824680299,0.6234898018587334
93,94,0.573333,0.42625,0.385571,3115,True,False,False,False,False,False,2011,4,0.8660254037844387,-0.4999999999999998,0.7818314824680298,0.6234898018587336
332,333,0.458333,0.830833,0.258092,2914,False,False,True,False,True,False,2011,29,-0.5000000000000004,0.8660254037844384,0.9749279121818236,-0.22252093395631434
382,383,0.303333,0.443333,0.415429,3376,False,False,False,False,False,False,2012,18,0.49999999999999994,0.8660254037844387,0.43388373911755823,-0.900968867902419
422,423,0.366667,0.490833,0.268033,4322,False,False,False,False,False,False,2012,27,0.8660254037844386,0.5000000000000001,0.7818314824680298,0.6234898018587336
284,285,0.543333,0.90625,0.24815,2416,False,False,True,False,False,True,2011,12,-0.8660254037844386,0.5000000000000001,0.43388373911755823,-0.900968867902419
184,185,0.726667,0.637917,0.0814792,6043,False,True,False,True,True,False,2011,4,-0.4999999999999997,-0.8660254037844388,0.7818314824680298,0.6234898018587336
589,590,0.700833,0.530417,0.122512,6544,False,True,False,False,False,False,2012,12,-0.8660254037844385,-0.5000000000000004,0.0,1.0
329,330,0.375833,0.681667,0.0684208,3068,False,False,True,False,False,False,2011,26,-0.5000000000000004,0.8660254037844384,-0.7818314824680299,0.6234898018587334
153,154,0.62,0.354167,0.253121,5312,True,False,False,False,False,False,2011,3,1.2246467991473532e-16,-1.0,-0.9749279121818236,-0.2225209339563146
75,76,0.415,0.602917,0.209579,2744,False,False,False,False,False,False,2011,17,1.0,6.123233995736766e-17,-0.433883739117558,-0.9009688679024191
377,378,0.274167,0.5075,0.378108,3214,False,False,False,False,False,False,2012,13,0.49999999999999994,0.8660254037844387,-0.9749279121818236,-0.2225209339563146
277,278,0.538333,0.647917,0.17725,4826,False,False,True,False,False,False,2011,5,-0.8660254037844386,0.5000000000000001,0.43388373911755823,-0.900968867902419
426,427,0.353333,0.657083,0.144904,3194,False,False,False,False,True,False,2012,2,1.0,6.123233995736766e-17,-0.9749279121818236,-0.2225209339563146
188,189,0.709167,0.757917,0.225129,4040,False,True,False,False,True,False,2011,8,-0.4999999999999997,-0.8660254037844388,-0.9749279121818236,-0.2225209339563146
271,272,0.616667,0.699167,0.172883,4839,False,False,True,False,False,False,2011,29,-1.0,-1.8369701987210297e-16,-0.433883739117558,-0.9009688679024191
236,237,0.684167,0.771667,0.210833,3542,False,True,False,False,True,False,2011,25,-0.8660254037844385,-0.5000000000000004,-0.433883739117558,-0.9009688679024191
88,89,0.3,0.646667,0.172888,1536,True,False,False,False,True,False,2011,30,1.0,6.123233995736766e-17,0.43388373911755823,-0.900968867902419
619,620,0.5775,0.52,0.0920542,7767,False,True,False,False,False,False,2012,11,-1.0,-1.8369701987210297e-16,0.9749279121818236,-0.22252093395631434
117,118,0.6175,0.700833,0.320908,4058,True,False,False,False,True,False,2011,28,0.8660254037844387,-0.4999999999999998,-0.433883739117558,-0.9009688679024191
125,126,0.479167,0.59,0.228246,4608,True,False,False,False,False,False,2011,6,0.49999999999999994,-0.8660254037844387,-0.9749279121818236,-0.2225209339563146
599,600,0.6675,0.677083,0.0702833,7375,False,True,False,False,False,False,2012,22,-0.8660254037844385,-0.5000000000000004,0.43388373911755823,-0.900968867902419
289,290,0.534167,0.579583,0.175379,4570,False,False,True,False,False,False,2011,17,-0.8660254037844386,0.5000000000000001,0.7818314824680298,0.6234898018587336
238,239,0.68,0.85,0.375617,1115,False,True,False,False,True,False,2011,27,-0.8660254037844385,-0.5000000000000004,-0.7818314824680299,0.6234898018587334
0,1,0.344167,0.805833,0.160446,985,False,False,False,False,True,False,2011,1,0.49999999999999994,0.8660254037844387,-0.7818314824680299,0.6234898018587334
722,723,0.245833,0.515417,0.133083,1787,False,False,False,False,False,False,2012,23,-2.4492935982947064e-16,1.0,0.0,1.0
361,362,0.29913,0.503913,0.293961,2302,False,False,False,False,False,False,2011,28,-2.4492935982947064e-16,1.0,0.43388373911755823,-0.900968867902419
636,637,0.619167,0.69,0.164179,7415,False,False,True,False,True,False,2012,28,-1.0,-1.8369701987210297e-16,-0.9749279121818236,-0.2225209339563146
587,588,0.715833,0.715833,0.238813,5786,False,True,False,False,True,False,2012,10,-0.8660254037844385,-0.5000000000000004,-0.9749279121818236,-0.2225209339563146
278,279,0.494167,0.620833,0.134954,4765,False,False,True,False,False,False,2011,6,-0.8660254037844386,0.5000000000000001,-0.433883739117558,-0.9009688679024191
116,117,0.62,0.835417,0.3122,3872,True,False,False,False,True,False,2011,27,0.8660254037844387,-0.4999999999999998,0.43388373911755823,-0.900968867902419
228,229,0.723333,0.575417,0.143667,4694,False,True,False,False,False,False,2011,17,-0.8660254037844385,-0.5000000000000004,0.43388373911755823,-0.900968867902419
349,350,0.375,0.500417,0.260575,3577,False,False,True,False,True,False,2011,16,-2.4492935982947064e-16,1.0,-0.9749279121818236,-0.2225209339563146
363,364,0.311667,0.636667,0.134337,2999,False,False,False,False,False,False,2011,30,-2.4492935982947064e-16,1.0,-0.9749279121818236,-0.2225209339563146
274,275,0.356667,0.791667,0.222013,2918,False,False,True,False,True,False,2011,2,-0.8660254037844386,0.5000000000000001,0.0,1.0
318,319,0.53,0.68875,0.199633,4195,False,False,True,False,True,False,2011,15,-0.5000000000000004,0.8660254037844384,0.9749279121818236,-0.22252093395631434
494,495,0.575,0.744167,0.216412,4717,True,False,False,False,True,False,2012,9,0.49999999999999994,-0.8660254037844387,0.43388373911755823,-0.900968867902419
144,145,0.660833,0.69625,0.154233,4978,True,False,False,False,False,False,2011,25,0.49999999999999994,-0.8660254037844387,0.43388373911755823,-0.900968867902419
429,430,0.243333,0.50625,0.228858,3333,False,False,False,False,False,False,2012,5,1.0,6.123233995736766e-17,0.7818314824680298,0.6234898018587336
486,487,0.613333,0.659583,0.156096,5740,True,False,False,False,True,False,2012,1,0.49999999999999994,-0.8660254037844387,0.9749279121818236,-0.22252093395631434
660,661,0.4875,0.568333,0.0814833,7058,False,False,True,False,False,False,2012,22,-0.8660254037844386,0.5000000000000001,0.7818314824680298,0.6234898018587336
532,533,0.631667,0.504167,0.166667,7702,True,False,False,False,False,False,2012,16,1.2246467991473532e-16,-1.0,-0.7818314824680299,0.6234898018587334
268,269,0.649167,0.848333,0.1107,4630,False,False,True,False,True,False,2011,26,-1.0,-1.8369701987210297e-16,0.7818314824680298,0.6234898018587336
515,516,0.656667,0.67,0.134329,6855,True,False,False,False,True,False,2012,30,0.49999999999999994,-0.8660254037844387,0.43388373911755823,-0.900968867902419
307,308,0.403333,0.6225,0.271779,4046,False,False,True,False,True,False,2011,4,-0.5000000000000004,0.8660254037844384,-0.9749279121818236,-0.2225209339563146
310,311,0.395,0.75875,0.057225,4035,False,False,True,False,False,False,2011,7,-0.5000000000000004,0.8660254037844384,0.7818314824680298,0.6234898018587336
46,47,0.318261,0.423478,0.251791,2115,False,False,False,False,False,False,2011,16,0.8660254037844386,0.5000000000000001,0.43388373911755823,-0.900968867902419
261,262,0.549167,0.69,0.151742,4539,False,True,False,False,True,False,2011,19,-1.0,-1.8369701987210297e-16,0.7818314824680298,0.6234898018587336
195,196,0.663333,0.59125,0.182833,5538,False,True,False,False,False,False,2011,15,-0.4999999999999997,-0.8660254037844388,-0.9749279121818236,-0.2225209339563146
730,731,0.215833,0.5775,0.154846,2729,False,False,False,False,True,False,2012,31,-2.4492935982947064e-16,1.0,0.7818314824680298,0.6234898018587336
611,612,0.7075,0.790833,0.151121,6034,False,True,False,True,False,False,2012,3,-1.0,-1.8369701987210297e-16,0.7818314824680298,0.6234898018587336
107,108,0.5125,0.5425,0.163567,3429,True,False,False,False,False,False,2011,18,0.8660254037844387,-0.4999999999999998,0.7818314824680298,0.6234898018587336
59,60,0.266667,0.535,0.216425,1851,False,False,False,False,False,False,2011,1,1.0,6.123233995736766e-17,0.9749279121818236,-0.22252093395631434
432,433,0.5275,0.5675,0.441563,5382,False,False,False,False,False,False,2012,8,1.0,6.123233995736766e-17,-0.433883739117558,-0.9009688679024191
100,101,0.595652,0.716956,0.324474,3348,True,False,False,False,True,False,2011,11,0.8660254037844387,-0.4999999999999998,0.7818314824680298,0.6234898018587336
396,397,0.469167,0.507917,0.189067,4579,False,False,False,False,False,False,2012,1,0.8660254037844386,0.5000000000000001,0.43388373911755823,-0.900968867902419
653,654,0.561667,0.7075,0.296037,5875,False,False,True,False,True,False,2012,15,-0.8660254037844386,0.5000000000000001,0.7818314824680298,0.6234898018587336
530,531,0.648333,0.569583,0.253733,7363,True,False,False,False,False,False,2012,14,1.2246467991473532e-16,-1.0,-0.433883739117558,-0.9009688679024191
627,628,0.5525,0.536667,0.215175,7591,False,True,False,False,False,False,2012,19,-1.0,-1.8369701987210297e-16,0.43388373911755823,-0.900968867902419
179,180,0.728333,0.497917,0.261821,5225,False,True,False,False,False,False,2011,29,1.2246467991473532e-16,-1.0,0.43388373911755823,-0.900968867902419
304,305,0.400833,0.68375,0.135571,4068,False,False,True,False,False,False,2011,1,-0.5000000000000004,0.8660254037844384,0.9749279121818236,-0.22252093395631434
395,396,0.39,0.416667,0.261817,4509,False,False,False,False,False,False,2012,31,0.49999999999999994,0.8660254037844387,0.9749279121818236,-0.22252093395631434
702,703,0.4525,0.7675,0.0827208,6234,False,False,True,False,False,False,2012,3,-2.4492935982947064e-16,1.0,0.7818314824680298,0.6234898018587336
149,150,0.733333,0.685,0.131225,4098,True,False,False,True,False,False,2011,30,0.49999999999999994,-0.8660254037844387,0.7818314824680298,0.6234898018587336
124,125,0.459167,0.444167,0.295392,4433,True,False,False,False,False,False,2011,5,0.49999999999999994,-0.8660254037844387,-0.433883739117558,-0.9009688679024191
588,589,0.6925,0.732917,0.206479,6299,False,True,False,False,True,False,2012,11,-0.8660254037844385,-0.5000000000000004,-0.7818314824680299,0.6234898018587334
634,635,0.635,0.630833,0.2444,7733,False,False,True,False,False,False,2012,26,-1.0,-1.8369701987210297e-16,0.43388373911755823,-0.900968867902419
185,186,0.746667,0.590417,0.126258,4665,False,True,False,False,False,False,2011,5,-0.4999999999999997,-0.8660254037844388,0.9749279121818236,-0.22252093395631434
478,479,0.321667,0.766667,0.303496,3214,True,False,False,False,True,False,2012,23,0.8660254037844387,-0.4999999999999998,0.7818314824680298,0.6234898018587336
451,452,0.323333,0.29,0.187192,5102,True,False,False,False,False,False,2012,27,1.0,6.123233995736766e-17,0.9749279121818236,-0.22252093395631434
388,389,0.3425,0.835833,0.123767,4339,False,False,False,False,False,False,2012,24,0.49999999999999994,0.8660254037844387,0.9749279121818236,-0.22252093395631434
720,721,0.326667,0.556667,0.374383,3623,False,False,False,False,True,False,2012,21,-2.4492935982947064e-16,1.0,-0.9749279121818236,-0.2225209339563146
662,663,0.5875,0.63625,0.0727792,7693,False,False,True,False,False,False,2012,24,-0.8660254037844386,0.5000000000000001,0.43388373911755823,-0.900968867902419
321,322,0.274167,0.41,0.168533,3392,False,False,True,False,False,False,2011,18,-0.5000000000000004,0.8660254037844384,-0.9749279121818236,-0.2225209339563146
353,354,0.385833,0.595417,0.0615708,3750,False,False,True,False,True,False,2011,20,-2.4492935982947064e-16,1.0,0.9749279121818236,-0.22252093395631434
673,674,0.325833,0.532917,0.179108,5107,False,False,True,False,False,False,2012,4,-0.5000000000000004,0.8660254037844384,0.0,1.0
142,143,0.631667,0.81,0.233842,4274,True,False,False,False,True,False,2011,23,0.49999999999999994,-0.8660254037844387,0.7818314824680298,0.6234898018587336
141,142,0.604167,0.749583,0.148008,4660,True,False,False,False,False,False,2011,22,0.49999999999999994,-0.8660254037844387,0.0,1.0
440,441,0.435833,0.842083,0.113192,4378,False,False,False,False,True,False,2012,16,1.0,6.123233995736766e-17,-0.9749279121818236,-0.2225209339563146
320,321,0.341667,0.575833,0.305362,3053,False,False,True,False,True,False,2011,17,-0.5000000000000004,0.8660254037844384,-0.433883739117558,-0.9009688679024191
19,20,0.261667,0.538333,0.195904,1927,False,False,False,False,True,False,2011,20,0.49999999999999994,0.8660254037844387,-0.433883739117558,-0.9009688679024191
172,173,0.733333,0.7075,0.172262,4507,False,True,False,False,False,False,2011,22,1.2246467991473532e-16,-1.0,0.43388373911755823,-0.900968867902419
593,594,0.719167,0.519167,0.141796,7605,False,True,False,False,False,False,2012,16,-0.8660254037844385,-0.5000000000000004,-0.433883739117558,-0.9009688679024191
312,313,0.4,0.758333,0.0621958,4109,False,False,True,False,False,False,2011,9,-0.5000000000000004,0.8660254037844384,0.43388373911755823,-0.900968867902419
679,680,0.389167,0.645417,0.0578458,6536,False,False,True,False,False,False,2012,10,-0.5000000000000004,0.8660254037844384,-0.7818314824680299,0.6234898018587334
12,13,0.165,0.470417,0.301,1406,False,False,False,False,False,False,2011,13,0.49999999999999994,0.8660254037844387,-0.433883739117558,-0.9009688679024191
305,306,0.3775,0.71875,0.0820917,4186,False,False,True,False,False,False,2011,2,-0.5000000000000004,0.8660254037844384,0.43388373911755823,-0.900968867902419
354,355,0.428333,0.858333,0.2214,2660,False,False,False,False,True,False,2011,21,-2.4492935982947064e-16,1.0,0.43388373911755823,-0.900968867902419
544,545,0.749167,0.4225,0.17165,6879,False,True,False,False,False,False,2012,28,1.2246467991473532e-16,-1.0,-0.433883739117558,-0.9009688679024191
169,170,0.699167,0.666667,0.102,4744,True,False,False,False,True,False,2011,19,1.2246467991473532e-16,-1.0,0.0,1.0
38,39,0.220833,0.537917,0.36195,1530,False,False,False,False,False,False,2011,8,0.8660254037844386,0.5000000000000001,0.9749279121818236,-0.22252093395631434
558,559,0.715833,0.529583,0.146775,7446,False,True,False,False,False,False,2012,12,-0.4999999999999997,-0.8660254037844388,-0.433883739117558,-0.9009688679024191
245,246,0.669167,0.716667,0.185325,4484,False,True,False,False,False,False,2011,3,-1.0,-1.8369701987210297e-16,-0.7818314824680299,0.6234898018587334
298,299,0.484167,0.720417,0.148642,3894,False,False,True,False,True,False,2011,26,-0.8660254037844386,0.5000000000000001,0.43388373911755823,-0.900968867902419
485,486,0.464167,0.57,0.171638,5572,True,False,False,False,True,False,2012,30,0.8660254037844387,-0.4999999999999998,0.7818314824680298,0.6234898018587336
272,273,0.564167,0.6475,0.206475,5202,False,False,True,False,False,False,2011,30,-1.0,-1.8369701987210297e-16,-0.9749279121818236,-0.2225209339563146
154,155,0.635,0.45625,0.123142,5342,True,False,False,False,False,False,2011,4,1.2246467991473532e-16,-1.0,-0.7818314824680299,0.6234898018587334
126,127,0.52,0.54125,0.16045,4714,True,False,False,False,False,False,2011,7,0.49999999999999994,-0.8660254037844387,-0.7818314824680299,0.6234898018587334
519,520,0.6025,0.493333,0.184087,7641,True,False,False,False,False,False,2012,3,1.2246467991473532e-16,-1.0,0.0,1.0
341,342,0.265833,0.58,0.240058,3322,False,False,True,False,False,False,2011,8,-2.4492935982947064e-16,1.0,-0.433883739117558,-0.9009688679024191
287,288,0.506667,0.483333,0.258083,5217,False,False,True,False,False,False,2011,15,-0.8660254037844386,0.5000000000000001,-0.7818314824680299,0.6234898018587334
113,114,0.581667,0.810833,0.192175,4191,True,False,False,False,True,False,2011,24,0.8660254037844387,-0.4999999999999998,0.0,1.0
708,709,0.384167,0.905417,0.157975,3228,False,False,True,False,True,False,2012,9,-2.4492935982947064e-16,1.0,0.0,1.0
173,174,0.728333,0.703333,0.238804,4790,False,True,False,False,True,False,2011,23,1.2246467991473532e-16,-1.0,-0.433883739117558,-0.9009688679024191
359,360,0.321739,0.506957,0.239465,1317,False,False,False,True,False,False,2011,26,-2.4492935982947064e-16,1.0,0.7818314824680298,0.6234898018587336
659,660,0.464167,0.51,0.166054,6824,False,False,True,False,False,False,2012,21,-0.8660254037844386,0.5000000000000001,0.0,1.0
57,58,0.343478,0.68,0.125248,2402,False,False,False,False,False,False,2011,27,0.8660254037844386,0.5000000000000001,0.0,1.0
495,496,0.505833,0.552083,0.314063,6572,True,False,False,False,False,False,2012,10,0.49999999999999994,-0.8660254037844387,-0.433883739117558,-0.9009688679024191
222,223,0.7175,0.42375,0.164796,4792,False,True,False,False,False,False,2011,11,-0.8660254037844385,-0.5000000000000004,-0.433883739117558,-0.9009688679024191
280,281,0.521667,0.70125,0.0454042,5409,False,False,True,False,False,False,2011,8,-0.8660254037844386,0.5000000000000001,-0.7818314824680299,0.6234898018587334
671,672,0.355,0.522083,0.266175,5847,False,False,True,False,False,False,2012,2,-0.5000000000000004,0.8660254037844384,-0.9749279121818236,-0.2225209339563146
322,323,0.329167,0.502083,0.224496,3663,False,False,True,False,False,False,2011,19,-0.5000000000000004,0.8660254037844384,-0.7818314824680299,0.6234898018587334
255,256,0.650833,0.7125,0.141804,4763,False,True,False,False,False,False,2011,13,-1.0,-1.8369701987210297e-16,0.9749279121818236,-0.22252093395631434
721,722,0.265833,0.44125,0.407346,1749,False,False,False,False,False,False,2012,22,-2.4492935982947064e-16,1.0,-0.7818314824680299,0.6234898018587334
190,191,0.7475,0.578333,0.183471,4881,False,True,False,False,False,False,2011,10,-0.4999999999999997,-0.8660254037844388,0.0,1.0
709,710,0.435833,0.925,0.190308,5170,False,False,True,False,True,False,2012,10,-2.4492935982947064e-16,1.0,0.7818314824680298,0.6234898018587336
645,646,0.415833,0.708333,0.141162,3510,False,False,True,False,True,False,2012,7,-0.8660254037844386,0.5000000000000001,0.0,1.0
417,418,0.395833,0.567917,0.234471,4773,False,False,False,False,False,False,2012,22,0.8660254037844386,0.5000000000000001,0.43388373911755823,-0.900968867902419
94,95,0.414167,0.642083,0.388067,1795,True,False,False,False,True,False,2011,5,0.8660254037844387,-0.4999999999999998,0.9749279121818236,-0.22252093395631434
180,181,0.696667,0.434167,0.185312,5515,False,True,False,False,False,False,2011,30,1.2246467991473532e-16,-1.0,-0.433883739117558,-0.9009688679024191
477,478,0.396667,0.835417,0.344546,1027,True,False,False,False,False,True,2012,22,0.8660254037844387,-0.4999999999999998,0.0,1.0
537,538,0.805833,0.567917,0.118787,5905,False,True,False,False,False,False,2012,21,1.2246467991473532e-16,-1.0,-0.433883739117558,-0.9009688679024191
669,670,0.3575,0.666667,0.166667,5566,False,False,True,False,True,False,2012,31,-0.8660254037844386,0.5000000000000001,0.43388373911755823,-0.900968867902419
503,504,0.564167,0.523333,0.136817,7639,True,False,False,False,False,False,2012,18,0.49999999999999994,-0.8660254037844387,-0.9749279121818236,-0.2225209339563146
479,480,0.413333,0.454167,0.249383,5633,True,False,False,False,False,False,2012,24,0.8660254037844387,-0.4999999999999998,0.9749279121818236,-0.22252093395631434
5,6,0.204348,0.518261,0.0895652,1606,False,False,False,False,False,False,2011,6,0.49999999999999994,0.8660254037844387,-0.433883739117558,-0.9009688679024191
716,717,0.393333,0.907083,0.0982583,4585,False,False,True,False,True,False,2012,17,-2.4492935982947064e-16,1.0,0.7818314824680298,0.6234898018587336
45,46,0.266087,0.314348,0.291374,1815,False,False,False,False,False,False,2011,15,0.8660254037844386,0.5000000000000001,0.9749279121818236,-0.22252093395631434
446,447,0.554167,0.83125,0.117562,6871,True,False,False,False,False,False,2012,22,1.0,6.123233995736766e-17,-0.433883739117558,-0.9009688679024191
551,552,0.8275,0.457917,0.194029,6241,False,True,False,False,False,False,2012,5,-0.4999999999999997,-0.8660254037844388,-0.433883739117558,-0.9009688679024191
171,172,0.680833,0.770417,0.171025,4835,False,True,False,False,True,False,2011,21,1.2246467991473532e-16,-1.0,0.9749279121818236,-0.22252093395631434
16,17,0.175833,0.5375,0.194017,1000,False,False,False,True,True,False,2011,17,0.49999999999999994,0.8660254037844387,0.7818314824680298,0.6234898018587336
48,49,0.521667,0.516667,0.264925,2927,False,False,False,False,False,False,2011,18,0.8660254037844386,0.5000000000000001,-0.9749279121818236,-0.2225209339563146
706,707,0.320833,0.764167,0.1306,5008,False,False,True,False,True,False,2012,7,-2.4492935982947064e-16,1.0,-0.9749279121818236,-0.2225209339563146
668,669,0.318182,0.825455,0.213009,1096,False,False,True,False,True,False,2012,30,-0.8660254037844386,0.5000000000000001,0.9749279121818236,-0.22252093395631434
3,4,0.2,0.590435,0.160296,1562,False,False,False,False,False,False,2011,4,0.49999999999999994,0.8660254037844387,0.9749279121818236,-0.22252093395631434
501,502,0.636667,0.697917,0.122512,7424,True,False,False,False,False,False,2012,16,0.49999999999999994,-0.8660254037844387,0.43388373911755823,-0.900968867902419
613,614,0.736667,0.74125,0.187808,7112,False,True,False,False,False,False,2012,5,-1.0,-1.8369701987210297e-16,0.43388373911755823,-0.900968867902419
316,317,0.440833,0.458333,0.281721,3717,False,False,True,False,False,False,2011,13,-0.5000000000000004,0.8660254037844384,0.0,1.0
672,673,0.343333,0.49125,0.270529,5138,False,False,True,False,True,False,2012,3,-0.5000000000000004,0.8660254037844384,-0.7818314824680299,0.6234898018587334
283,284,0.566667,0.80875,0.143042,4563,False,False,True,False,True,False,2011,11,-0.8660254037844386,0.5000000000000001,0.9749279121818236,-0.22252093395631434
96,97,0.4375,0.602917,0.162312,3141,True,False,False,False,False,False,2011,7,0.8660254037844387,-0.4999999999999998,-0.433883739117558,-0.9009688679024191
285,286,0.589167,0.896667,0.141787,2913,False,False,True,False,True,False,2011,13,-0.8660254037844386,0.5000000000000001,-0.433883739117558,-0.9009688679024191
462,463,0.4375,0.254167,0.274871,6857,True,False,False,False,False,False,2012,7,0.8660254037844387,-0.4999999999999998,-0.7818314824680299,0.6234898018587334
225,226,0.676667,0.8175,0.222633,3820,False,True,False,False,True,False,2011,14,-0.8660254037844385,-0.5000000000000004,0.0,1.0
586,587,0.755833,0.620417,0.1561,7286,False,True,False,False,False,False,2012,9,-0.8660254037844385,-0.5000000000000004,-0.433883739117558,-0.9009688679024191
263,264,0.595,0.9,0.0964042,4352,False,True,False,False,True,False,2011,21,-1.0,-1.8369701987210297e-16,0.43388373911755823,-0.900968867902419
437,438,0.565,0.6175,0.23695,5847,False,False,False,False,False,False,2012,13,1.0,6.123233995736766e-17,0.9749279121818236,-0.22252093395631434
50,51,0.285217,0.407826,0.223235,1812,False,False,False,False,False,False,2011,20,0.8660254037844386,0.5000000000000001,0.0,1.0
364,365,0.41,0.615833,0.220154,2485,False,False,False,False,False,False,2011,31,-2.4492935982947064e-16,1.0,-0.7818314824680299,0.6234898018587334
229,230,0.711667,0.654583,0.233208,3805,False,True,False,False,False,False,2011,18,-0.8660254037844385,-0.5000000000000004,-0.433883739117558,-0.9009688679024191
37,38,0.271667,0.738333,0.0454083,1712,False,False,False,False,False,False,2011,7,0.8660254037844386,0.5000000000000001,0.7818314824680298,0.6234898018587336
157,158,0.7075,0.597917,0.187808,4833,True,False,False,False,False,False,2011,7,1.2246467991473532e-16,-1.0,0.9749279121818236,-0.22252093395631434
237,238,0.7,0.76125,0.0839625,4661,False,True,False,False,False,False,2011,26,-0.8660254037844385,-0.5000000000000004,-0.9749279121818236,-0.2225209339563146
701,702,0.3475,0.823333,0.124379,4649,False,False,True,False,True,False,2012,2,-2.4492935982947064e-16,1.0,0.0,1.0
374,375,0.308696,0.646522,0.187552,3598,False,False,False,False,False,False,2012,10,0.49999999999999994,0.8660254037844387,0.9749279121818236,-0.22252093395631434
370,371,0.334167,0.542083,0.167908,4098,False,False,False,False,False,False,2012,6,0.49999999999999994,0.8660254037844387,-0.9749279121818236,-0.2225209339563146
442,443,0.4725,0.81,0.126883,5892,False,False,False,False,True,False,2012,18,1.0,6.123233995736766e-17,0.0,1.0
175,176,0.695,0.483333,0.209571,5202,False,True,False,False,False,False,2011,25,1.2246467991473532e-16,-1.0,-0.7818314824680299,0.6234898018587334
620,621,0.599167,0.577083,0.131846,7870,False,True,False,False,False,False,2012,12,-1.0,-1.8369701987210297e-16,0.43388373911755823,-0.900968867902419
127,128,0.528333,0.631667,0.0746375,4333,True,False,False,False,False,False,2011,8,0.49999999999999994,-0.8660254037844387,0.0,1.0
539,540,0.731667,0.534583,0.179721,7458,False,True,False,False,False,False,2012,23,1.2246467991473532e-16,-1.0,-0.7818314824680299,0.6234898018587334
194,195,0.680833,0.47625,0.240667,5084,False,True,False,False,False,False,2011,14,-0.4999999999999997,-0.8660254037844388,-0.433883739117558,-0.9009688679024191
694,695,0.245833,0.468333,0.1505,2424,False,False,True,False,False,False,2012,25,-0.5000000000000004,0.8660254037844384,0.0,1.0
497,498,0.564167,0.480417,0.123133,7429,True,False,False,False,False,False,2012,12,0.49999999999999994,-0.8660254037844387,-0.7818314824680299,0.6234898018587334
500,501,0.611667,0.794583,0.147392,5115,True,False,False,False,True,False,2012,15,0.49999999999999994,-0.8660254037844387,0.9749279121818236,-0.22252093395631434
705,706,0.255833,0.50875,0.174754,5375,False,False,True,False,False,False,2012,6,-2.4492935982947064e-16,1.0,-0.433883739117558,-0.9009688679024191
608,609,0.764167,0.5875,0.168533,7350,False,True,False,False,False,False,2012,31,-0.8660254037844385,-0.5000000000000004,-0.9749279121818236,-0.2225209339563146
628,629,0.546667,0.618333,0.118167,7720,False,True,False,False,False,False,2012,20,-1.0,-1.8369701987210297e-16,-0.433883739117558,-0.9009688679024191
67,68,0.295833,0.775417,0.22015,1891,False,False,False,False,True,False,2011,9,1.0,6.123233995736766e-17,0.43388373911755823,-0.900968867902419
493,494,0.581667,0.685833,0.296029,5728,True,False,False,False,True,False,2012,8,0.49999999999999994,-0.8660254037844387,0.9749279121818236,-0.22252093395631434
168,169,0.696667,0.670417,0.119408,5119,True,False,False,False,False,False,2011,18,1.2246467991473532e-16,-1.0,-0.7818314824680299,0.6234898018587334
444,445,0.560833,0.807917,0.121271,6093,False,False,False,False,False,False,2012,20,1.0,6.123233995736766e-17,0.9749279121818236,-0.22252093395631434
499,500,0.573333,0.789583,0.212692,2843,True,False,False,False,True,False,2012,14,0.49999999999999994,-0.8660254037844387,0.7818314824680298,0.6234898018587336
162,163,0.6925,0.747917,0.163567,4460,True,False,False,False,False,False,2011,12,1.2246467991473532e-16,-1.0,0.0,1.0
309,310,0.348333,0.734583,0.0920542,3649,False,False,True,False,False,False,2011,6,-0.5000000000000004,0.8660254037844384,0.0,1.0
193,194,0.746667,0.631667,0.146133,4342,False,True,False,False,False,False,2011,13,-0.4999999999999997,-0.8660254037844388,0.43388373911755823,-0.900968867902419
521,522,0.540833,0.613333,0.209575,7001,True,False,False,False,True,False,2012,5,1.2246467991473532e-16,-1.0,0.9749279121818236,-0.22252093395631434
365,366,0.37,0.6925,0.192167,2294,False,False,False,False,False,False,2012,1,0.49999999999999994,0.8660254037844387,0.0,1.0
383,384,0.19,0.4975,0.220158,3292,False,False,False,False,False,False,2012,19,0.49999999999999994,0.8660254037844387,-0.433883739117558,-0.9009688679024191
528,529,0.653333,0.833333,0.214546,4972,True,False,False,False,True,False,2012,12,1.2246467991473532e-16,-1.0,0.9749279121818236,-0.22252093395631434
152,153,0.715,0.305,0.292287,4968,True,False,False,False,False,False,2011,2,1.2246467991473532e-16,-1.0,-0.433883739117558,-0.9009688679024191
581,582,0.793333,0.613333,0.257458,6824,False,True,False,False,False,False,2012,4,-0.8660254037844385,-0.5000000000000004,-0.7818314824680299,0.6234898018587334
638,639,0.526667,0.583333,0.134958,6889,False,False,True,False,False,False,2012,30,-1.0,-1.8369701987210297e-16,0.0,1.0
111,112,0.336667,0.729583,0.219521,1683,True,False,False,False,True,False,2011,22,0.8660254037844387,-0.4999999999999998,-0.9749279121818236,-0.2225209339563146
226,227,0.665833,0.712083,0.208954,4338,False,True,False,False,False,False,2011,15,-0.8660254037844385,-0.5000000000000004,0.7818314824680298,0.6234898018587336
511,512,0.6925,0.7325,0.198992,6536,True,False,False,False,False,False,2012,26,0.49999999999999994,-0.8660254037844387,-0.7818314824680299,0.6234898018587334
583,584,0.7525,0.654167,0.129354,7013,False,True,False,False,True,False,2012,6,-0.8660254037844385,-0.5000000000000004,0.7818314824680298,0.6234898018587336
103,104,0.4675,0.540417,0.1107,3267,True,False,False,False,False,False,2011,14,0.8660254037844387,-0.4999999999999998,-0.433883739117558,-0.9009688679024191
421,422,0.279167,0.41,0.205229,3389,False,False,False,False,False,False,2012,26,0.8660254037844386,0.5000000000000001,0.0,1.0
419,420,0.4075,0.7375,0.237567,3487,False,False,False,False,True,False,2012,24,0.8660254037844386,0.5000000000000001,-0.9749279121818236,-0.2225209339563146
570,571,0.750833,0.655,0.211454,7592,False,True,False,False,False,False,2012,24,-0.4999999999999997,-0.8660254037844388,0.9749279121818236,-0.22252093395631434
604,605,0.703333,0.730417,0.128733,6917,False,True,False,False,False,False,2012,27,-0.8660254037844385,-0.5000000000000004,0.7818314824680298,0.6234898018587336
74,75,0.365217,0.776522,0.203117,2192,False,False,False,False,True,False,2011,16,1.0,6.123233995736766e-17,0.43388373911755823,-0.900968867902419
115,116,0.631667,0.729167,0.3265,4400,True,False,False,False,False,False,2011,26,0.8660254037844387,-0.4999999999999998,0.9749279121818236,-0.22252093395631434
407,408,0.1275,0.464583,0.409212,1529,False,False,False,False,False,False,2012,12,0.8660254037844386,0.5000000000000001,0.0,1.0
704,705,0.438333,0.485,0.324021,5729,False,False,True,False,False,False,2012,5,-2.4492935982947064e-16,1.0,0.43388373911755823,-0.900968867902419
119,120,0.4725,0.503333,0.235075,5312,True,False,False,False,False,False,2011,30,0.8660254037844387,-0.4999999999999998,-0.7818314824680299,0.6234898018587334
53,54,0.221739,0.423043,0.094113,1917,False,False,False,False,False,False,2011,23,0.8660254037844386,0.5000000000000001,0.43388373911755823,-0.900968867902419
151,152,0.764167,0.677083,0.207092,3974,True,False,False,False,True,False,2011,1,1.2246467991473532e-16,-1.0,0.43388373911755823,-0.900968867902419
403,404,0.256667,0.722917,0.133721,2802,False,False,False,False,True,False,2012,8,0.8660254037844386,0.5000000000000001,0.43388373911755823,-0.900968867902419
687,688,0.3425,0.692917,0.227612,4669,False,False,True,False,False,False,2012,18,-0.5000000000000004,0.8660254037844384,0.0,1.0
207,208,0.775,0.402917,0.183463,4656,False,True,False,False,False,False,2011,27,-0.4999999999999997,-0.8660254037844388,0.43388373911755823,-0.900968867902419
512,513,0.69,0.697083,0.215171,6591,True,False,False,False,False,False,2012,27,0.49999999999999994,-0.8660254037844387,0.0,1.0
615,616,0.703333,0.73625,0.171646,7504,False,True,False,False,False,False,2012,7,-1.0,-1.8369701987210297e-16,-0.9749279121818236,-0.2225209339563146
680,681,0.420833,0.659167,0.1275,6852,False,False,True,False,False,False,2012,11,-0.5000000000000004,0.8660254037844384,0.0,1.0
609,610,0.753333,0.638333,0.113187,6140,False,True,False,False,True,False,2012,1,-1.0,-1.8369701987210297e-16,-0.7818314824680299,0.6234898018587334
506,507,0.598333,0.81125,0.233204,4359,True,False,False,False,True,False,2012,21,0.49999999999999994,-0.8660254037844387,0.7818314824680298,0.6234898018587336
591,592,0.726667,0.686667,0.169158,6784,False,True,False,False,False,False,2012,14,-0.8660254037844385,-0.5000000000000004,0.9749279121818236,-0.22252093395631434
36,37,0.285833,0.568333,0.1418,1623,False,False,False,False,False,False,2011,6,0.8660254037844386,0.5000000000000001,0.0,1.0
452,453,0.484167,0.48125,0.291671,5698,True,False,False,False,False,False,2012,28,1.0,6.123233995736766e-17,0.43388373911755823,-0.900968867902419
139,140,0.536667,0.719583,0.125013,4917,True,False,False,False,False,False,2011,20,0.49999999999999994,-0.8660254037844387,-0.9749279121818236,-0.2225209339563146
253,254,0.653333,0.71375,0.115054,5046,False,True,False,False,False,False,2011,11,-1.0,-1.8369701987210297e-16,0.0,1.0
303,304,0.34,0.703333,0.10635,3669,False,False,True,False,False,False,2011,31,-0.8660254037844386,0.5000000000000001,0.7818314824680298,0.6234898018587336
552,553,0.828333,0.450833,0.146142,6207,False,True,False,False,False,False,2012,6,-0.4999999999999997,-0.8660254037844388,-0.9749279121818236,-0.2225209339563146
526,527,0.726667,0.538333,0.133721,6598,True,False,False,False,False,False,2012,10,1.2246467991473532e-16,-1.0,0.0,1.0
534,535,0.568333,0.777917,0.174746,5099,True,False,False,False,True,False,2012,18,1.2246467991473532e-16,-1.0,0.7818314824680298,0.6234898018587336
262,263,0.561667,0.88125,0.134954,3641,False,True,False,False,True,False,2011,20,-1.0,-1.8369701987210297e-16,0.9749279121818236,-0.22252093395631434
297,298,0.471667,0.622917,0.166658,4687,False,False,True,False,False,False,2011,25,-0.8660254037844386,0.5000000000000001,0.9749279121818236,-0.22252093395631434
414,415,0.28,0.515833,0.253112,2689,False,False,False,False,True,False,2012,19,0.8660254037844386,0.5000000000000001,0.0,1.0
150,151,0.775,0.636667,0.111329,3982,True,False,False,False,False,False,2011,31,0.49999999999999994,-0.8660254037844387,0.9749279121818236,-0.22252093395631434
579,580,0.7525,0.659583,0.129354,7261,False,True,False,False,False,False,2012,2,-0.8660254037844385,-0.5000000000000004,-0.433883739117558,-0.9009688679024191
648,649,0.514167,0.630833,0.187821,7691,False,False,True,False,False,False,2012,10,-0.8660254037844386,0.5000000000000001,0.43388373911755823,-0.900968867902419
488,489,0.56,0.768333,0.133696,6421,True,False,False,False,True,False,2012,3,0.49999999999999994,-0.8660254037844387,-0.433883739117558,-0.9009688679024191
147,148,0.655833,0.729583,0.230092,4758,True,False,False,False,False,False,2011,28,0.49999999999999994,-0.8660254037844387,-0.7818314824680299,0.6234898018587334
146,147,0.681667,0.65375,0.240679,4679,True,False,False,False,False,False,2011,27,0.49999999999999994,-0.8660254037844387,-0.9749279121818236,-0.2225209339563146
535,536,0.688333,0.69,0.148017,6825,True,False,False,False,False,False,2012,19,1.2246467991473532e-16,-1.0,0.9749279121818236,-0.22252093395631434
676,677,0.295833,0.5475,0.304108,5035,False,False,True,False,True,False,2012,7,-0.5000000000000004,0.8660254037844384,0.43388373911755823,-0.900968867902419
548,549,0.781667,0.447083,0.195267,6227,False,True,False,False,False,False,2012,2,-0.4999999999999997,-0.8660254037844388,0.7818314824680298,0.6234898018587336
348,349,0.4225,0.634167,0.268042,3709,False,False,True,False,True,False,2011,15,-2.4492935982947064e-16,1.0,-0.433883739117558,-0.9009688679024191
463,464,0.5,0.275833,0.232596,5169,True,False,False,False,False,False,2012,8,0.8660254037844387,-0.4999999999999998,0.0,1.0
325,326,0.416667,0.9625,0.118792,1607,False,False,True,False,False,True,2011,22,-0.5000000000000004,0.8660254037844384,0.9749279121818236,-0.22252093395631434
186,187,0.72,0.743333,0.149883,4629,False,True,False,False,False,False,2011,6,-0.4999999999999997,-0.8660254037844388,0.43388373911755823,-0.900968867902419
123,124,0.414167,0.737083,0.328996,2633,True,False,False,False,True,False,2011,4,0.49999999999999994,-0.8660254037844387,0.43388373911755823,-0.900968867902419
621,622,0.6125,0.637083,0.0827208,7804,False,True,False,False,False,False,2012,13,-1.0,-1.8369701987210297e-16,-0.433883739117558,-0.9009688679024191
143,144,0.66,0.740833,0.207092,4492,True,False,False,False,True,False,2011,24,0.49999999999999994,-0.8660254037844387,0.9749279121818236,-0.22252093395631434
696,697,0.291667,0.786667,0.237562,3959,False,False,True,False,True,False,2012,27,-0.5000000000000004,0.8660254037844384,0.9749279121818236,-0.22252093395631434
197,198,0.719167,0.604167,0.245033,5302,False,True,False,False,False,False,2011,17,-0.4999999999999997,-0.8660254037844388,0.0,1.0
279,280,0.510833,0.684167,0.0223917,4985,False,False,True,False,False,False,2011,7,-0.8660254037844386,0.5000000000000001,-0.9749279121818236,-0.2225209339563146
293,294,0.4275,0.574167,0.221396,4304,False,False,True,False,False,False,2011,21,-0.8660254037844386,0.5000000000000001,-0.9749279121818236,-0.2225209339563146
400,401,0.265833,0.687917,0.175996,2947,False,False,False,False,True,False,2012,5,0.8660254037844386,0.5000000000000001,0.0,1.0
122,123,0.616667,0.697083,0.342667,4451,True,False,False,False,True,False,2011,3,0.49999999999999994,-0.8660254037844387,0.9749279121818236,-0.22252093395631434
183,184,0.716667,0.6825,0.228858,4649,False,True,False,False,True,False,2011,3,-0.4999999999999997,-0.8660254037844388,0.0,1.0
202,203,0.848333,0.580417,0.1331,3387,False,True,False,False,False,False,2011,22,-0.4999999999999997,-0.8660254037844388,-0.9749279121818236,-0.2225209339563146
438,439,0.5725,0.507083,0.115062,6312,False,False,False,False,False,False,2012,14,1.0,6.123233995736766e-17,0.43388373911755823,-0.900968867902419
246,247,0.709167,0.742083,0.206467,4940,False,True,False,False,False,False,2011,4,-1.0,-1.8369701987210297e-16,0.0,1.0
415,416,0.28,0.507826,0.229083,3129,False,False,False,True,False,False,2012,20,0.8660254037844386,0.5000000000000001,0.7818314824680298,0.6234898018587336
647,648,0.446667,0.761667,0.1903,6392,False,False,True,False,True,False,2012,9,-0.8660254037844386,0.5000000000000001,0.9749279121818236,-0.22252093395631434
129,130,0.5325,0.489167,0.115671,4803,True,False,False,False,False,False,2011,10,0.49999999999999994,-0.8660254037844387,0.9749279121818236,-0.22252093395631434
402,403,0.354167,0.49625,0.147379,4375,False,False,False,False,False,False,2012,7,0.8660254037844386,0.5000000000000001,0.9749279121818236,-0.22252093395631434
575,576,0.721667,0.62375,0.170396,6597,False,True,False,False,False,False,2012,29,-0.4999999999999997,-0.8660254037844388,0.0,1.0
567,568,0.595833,0.865417,0.2133,4459,False,True,False,False,False,True,2012,21,-0.4999999999999997,-0.8660254037844388,-0.7818314824680299,0.6234898018587334
219,220,0.765,0.592083,0.192175,4326,False,True,False,False,False,False,2011,8,-0.8660254037844385,-0.5000000000000004,0.7818314824680298,0.6234898018587336
714,715,0.324167,0.650417,0.10635,5047,False,False,True,False,False,False,2012,15,-2.4492935982947064e-16,1.0,-0.7818314824680299,0.6234898018587334
584,585,0.735833,0.70375,0.116908,7273,False,True,False,False,True,False,2012,7,-0.8660254037844385,-0.5000000000000004,0.9749279121818236,-0.22252093395631434
666,667,0.4775,0.694583,0.398008,4459,False,False,True,False,True,False,2012,28,-0.8660254037844386,0.5000000000000001,0.0,1.0
691,692,0.34,0.580417,0.0528708,2425,False,False,True,True,False,False,2012,22,-0.5000000000000004,0.8660254037844384,-0.433883739117558,-0.9009688679024191
386,387,0.1625,0.79625,0.199638,1977,False,False,False,False,True,False,2012,22,0.49999999999999994,0.8660254037844387,0.0,1.0
707,708,0.381667,0.91125,0.101379,5582,False,False,True,False,True,False,2012,8,-2.4492935982947064e-16,1.0,-0.7818314824680299,0.6234898018587334
509,510,0.655,0.716667,0.172896,6770,True,False,False,False,False,False,2012,24,0.49999999999999994,-0.8660254037844387,-0.433883739117558,-0.9009688679024191
267,268,0.634167,0.845,0.0503792,5010,False,False,True,False,True,False,2011,25,-1.0,-1.8369701987210297e-16,0.0,1.0
441,442,0.514167,0.755833,0.110704,7836,False,False,False,False,True,False,2012,17,1.0,6.123233995736766e-17,-0.7818314824680299,0.6234898018587334
496,497,0.533333,0.360417,0.236937,7030,True,False,False,False,False,False,2012,11,0.49999999999999994,-0.8660254037844387,-0.9749279121818236,-0.2225209339563146
112,113,0.46,0.887917,0.230725,4036,True,False,False,False,True,False,2011,23,0.8660254037844387,-0.4999999999999998,-0.7818314824680299,0.6234898018587334
232,233,0.710833,0.77,0.248754,3873,False,True,False,False,False,False,2011,21,-0.8660254037844385,-0.5000000000000004,0.0,1.0
635,636,0.65,0.690833,0.134342,7393,False,False,True,False,True,False,2012,27,-1.0,-1.8369701987210297e-16,-0.433883739117558,-0.9009688679024191
373,374,0.224167,0.701667,0.0989,2376,False,False,False,False,True,False,2012,9,0.49999999999999994,0.8660254037844387,0.7818314824680298,0.6234898018587336
233,234,0.691667,0.47,0.27675,4758,False,True,False,False,False,False,2011,22,-0.8660254037844385,-0.5000000000000004,0.7818314824680298,0.6234898018587336
576,577,0.730833,0.66875,0.153617,7105,False,True,False,False,False,False,2012,30,-0.4999999999999997,-0.8660254037844388,0.7818314824680298,0.6234898018587336
317,318,0.53,0.587083,0.306596,4486,False,False,True,False,False,False,2011,14,-0.5000000000000004,0.8660254037844384,0.7818314824680298,0.6234898018587336
410,411,0.348333,0.53125,0.1816,4169,False,False,False,False,False,False,2012,15,0.8660254037844386,0.5000000000000001,0.43388373911755823,-0.900968867902419
652,653,0.521667,0.640417,0.278612,6639,False,False,True,False,False,False,2012,14,-0.8660254037844386,0.5000000000000001,0.0,1.0
258,259,0.469167,0.590417,0.164183,4760,False,True,False,False,True,False,2011,16,-1.0,-1.8369701987210297e-16,-0.9749279121818236,-0.2225209339563146
282,283,0.570833,0.73375,0.0423042,5117,False,False,True,True,False,False,2011,10,-0.8660254037844386,0.5000000000000001,0.7818314824680298,0.6234898018587336
376,377,0.3825,0.802917,0.180967,4097,False,False,False,False,True,False,2012,12,0.49999999999999994,0.8660254037844387,-0.433883739117558,-0.9009688679024191
384,385,0.2175,0.45,0.20275,3163,False,False,False,False,True,False,2012,20,0.49999999999999994,0.8660254037844387,-0.9749279121818236,-0.2225209339563146
224,225,0.685833,0.729583,0.211454,4150,False,True,False,False,True,False,2011,13,-0.8660254037844385,-0.5000000000000004,-0.7818314824680299,0.6234898018587334
693,694,0.278333,0.404583,0.376871,2277,False,False,True,False,False,False,2012,24,-0.5000000000000004,0.8660254037844384,-0.7818314824680299,0.6234898018587334
596,597,0.635833,0.711667,0.08645,4549,False,True,False,False,True,False,2012,19,-0.8660254037844385,-0.5000000000000004,0.0,1.0
472,473,0.608333,0.390417,0.273629,6691,True,False,False,False,False,False,2012,17,0.8660254037844387,-0.4999999999999998,0.9749279121818236,-0.22252093395631434
347,348,0.3175,0.66375,0.0609583,3740,False,False,True,False,True,False,2011,14,-2.4492935982947064e-16,1.0,0.43388373911755823,-0.900968867902419
505,506,0.620833,0.530417,0.254367,7129,True,False,False,False,False,False,2012,20,0.49999999999999994,-0.8660254037844387,0.0,1.0
719,720,0.33,0.667917,0.132463,4128,False,False,True,False,True,False,2012,20,-2.4492935982947064e-16,1.0,-0.433883739117558,-0.9009688679024191
674,675,0.319167,0.494167,0.236325,5259,False,False,True,False,False,False,2012,5,-0.5000000000000004,0.8660254037844384,0.7818314824680298,0.6234898018587336
657,658,0.563333,0.815,0.134954,5424,False,False,True,False,True,False,2012,19,-0.8660254037844386,0.5000000000000001,-0.9749279121818236,-0.2225209339563146
616,617,0.659167,0.799167,0.281104,5976,False,True,False,False,True,False,2012,8,-1.0,-1.8369701987210297e-16,-0.7818314824680299,0.6234898018587334
556,557,0.720833,0.6675,0.151737,6290,False,True,False,False,True,False,2012,10,-0.4999999999999997,-0.8660254037844388,0.9749279121818236,-0.22252093395631434
577,578,0.713333,0.704167,0.165425,7216,False,True,False,False,False,False,2012,31,-0.4999999999999997,-0.8660254037844388,0.9749279121818236,-0.22252093395631434
85,86,0.253043,0.493913,0.1843,1693,True,False,False,False,True,False,2011,27,1.0,6.123233995736766e-17,0.0,1.0
242,243,0.656667,0.597917,0.0833333,5058,False,True,False,False,False,False,2011,31,-0.8660254037844385,-0.5000000000000004,0.43388373911755823,-0.900968867902419
159,160,0.808333,0.568333,0.149883,3915,True,False,False,False,True,False,2011,9,1.2246467991473532e-16,-1.0,-0.433883739117558,-0.9009688679024191
524,525,0.649167,0.467917,0.175383,7736,True,False,False,False,False,False,2012,8,1.2246467991473532e-16,-1.0,-0.9749279121818236,-0.2225209339563146
35,36,0.233333,0.929167,0.161079,1005,False,False,False,False,True,False,2011,5,0.8660254037844386,0.5000000000000001,-0.7818314824680299,0.6234898018587334
540,541,0.743333,0.479167,0.145525,6891,False,True,False,False,False,False,2012,24,1.2246467991473532e-16,-1.0,0.0,1.0
170,171,0.635,0.74625,0.155475,4010,True,False,False,False,True,False,2011,20,1.2246467991473532e-16,-1.0,0.7818314824680298,0.6234898018587336
625,626,0.580833,0.734583,0.151742,6869,False,True,False,False,True,False,2012,17,-1.0,-1.8369701987210297e-16,0.7818314824680298,0.6234898018587336
692,693,0.368333,0.56875,0.148021,3910,False,False,True,False,False,False,2012,23,-0.5000000000000004,0.8660254037844384,-0.9749279121818236,-0.2225209339563146
95,96,0.390833,0.470833,0.263063,2808,True,False,False,False,False,False,2011,6,0.8660254037844387,-0.4999999999999998,0.43388373911755823,-0.900968867902419
563,564,0.818333,0.505833,0.114429,6786,False,True,False,False,False,False,2012,17,-0.4999999999999997,-0.8660254037844388,0.9749279121818236,-0.22252093395631434
240,241,0.636667,0.554583,0.159825,4634,False,True,False,False,False,False,2011,29,-0.8660254037844385,-0.5000000000000004,0.7818314824680298,0.6234898018587336
574,575,0.755833,0.613333,0.15735,6685,False,True,False,False,False,False,2012,28,-0.4999999999999997,-0.8660254037844388,-0.7818314824680299,0.6234898018587334
460,461,0.435,0.374167,0.219529,6457,True,False,False,False,False,False,2012,5,0.8660254037844387,-0.4999999999999998,-0.433883739117558,-0.9009688679024191
553,554,0.861667,0.492083,0.163554,4840,False,True,False,False,False,False,2012,7,-0.4999999999999997,-0.8660254037844388,-0.7818314824680299,0.6234898018587334
640,641,0.590833,0.871667,0.104475,4639,False,False,True,False,False,True,2012,2,-0.8660254037844386,0.5000000000000001,0.9749279121818236,-0.22252093395631434
206,207,0.771667,0.540833,0.200258,4590,False,True,False,False,False,False,2011,26,-0.4999999999999997,-0.8660254037844388,0.9749279121818236,-0.22252093395631434
392,393,0.315833,0.543333,0.210829,4023,False,False,False,False,False,False,2012,28,0.49999999999999994,0.8660254037844387,-0.7818314824680299,0.6234898018587334
397,398,0.399167,0.672917,0.187187,3761,False,False,False,False,True,False,2012,2,0.8660254037844386,0.5000000000000001,-0.433883739117558,-0.9009688679024191
618,619,0.583333,0.50375,0.258713,7525,False,True,False,False,False,False,2012,10,-1.0,-1.8369701987210297e-16,0.7818314824680298,0.6234898018587336
217,218,0.716667,0.755,0.22825,4294,False,True,False,False,True,False,2011,6,-0.8660254037844385,-0.5000000000000004,-0.7818314824680299,0.6234898018587334
4,5,0.226957,0.436957,0.1869,1600,False,False,False,False,False,False,2011,5,0.49999999999999994,0.8660254037844387,0.43388373911755823,-0.900968867902419
651,652,0.393333,0.494583,0.146142,7109,False,False,True,False,False,False,2012,13,-0.8660254037844386,0.5000000000000001,-0.7818314824680299,0.6234898018587334
612,613,0.725833,0.755,0.236321,6864,False,True,False,False,False,False,2012,4,-1.0,-1.8369701987210297e-16,0.9749279121818236,-0.22252093395631434
546,547,0.765,0.60125,0.161071,5687,False,True,False,False,False,False,2012,30,1.2246467991473532e-16,-1.0,-0.7818314824680299,0.6234898018587334
98,99,0.3425,0.8775,0.133083,2455,True,False,False,False,True,False,2011,9,0.8660254037844387,-0.4999999999999998,-0.7818314824680299,0.6234898018587334
573,574,0.781667,0.594583,0.152992,6904,False,True,False,False,False,False,2012,27,-0.4999999999999997,-0.8660254037844388,-0.9749279121818236,-0.2225209339563146
406,407,0.224167,0.73125,0.289796,2169,False,False,False,False,False,True,2012,11,0.8660254037844386,0.5000000000000001,-0.7818314824680299,0.6234898018587334
502,503,0.593333,0.52,0.229475,7384,True,False,False,False,False,False,2012,17,0.49999999999999994,-0.8660254037844387,-0.433883739117558,-0.9009688679024191
47,48,0.435833,0.505,0.230104,2475,False,False,False,False,False,False,2011,17,0.8660254037844386,0.5000000000000001,-0.433883739117558,-0.9009688679024191
32,33,0.26,0.775417,0.264308,1526,False,False,False,False,True,False,2011,2,0.8660254037844386,0.5000000000000001,0.43388373911755823,-0.900968867902419
200,201,0.768333,0.707083,0.113817,4332,False,True,False,False,False,False,2011,20,-0.4999999999999997,-0.8660254037844388,0.43388373911755823,-0.900968867902419
134,135,0.5625,0.867083,0.152979,4553,True,False,False,False,True,False,2011,15,0.49999999999999994,-0.8660254037844387,0.0,1.0
27,28,0.203478,0.793043,0.1233,1167,False,False,False,False,True,False,2011,28,0.49999999999999994,0.8660254037844387,-0.9749279121818236,-0.2225209339563146
642,643,0.6575,0.722917,0.117546,7328,False,False,True,False,True,False,2012,4,-0.8660254037844386,0.5000000000000001,-0.433883739117558,-0.9009688679024191
230,231,0.685,0.722917,0.139308,4153,False,True,False,False,True,False,2011,19,-0.8660254037844385,-0.5000000000000004,-0.9749279121818236,-0.2225209339563146
489,490,0.6275,0.735417,0.162938,6296,True,False,False,False,False,False,2012,4,0.49999999999999994,-0.8660254037844387,-0.9749279121818236,-0.2225209339563146
378,379,0.18,0.4575,0.187183,2493,False,False,False,False,False,False,2012,14,0.49999999999999994,0.8660254037844387,-0.7818314824680299,0.6234898018587334
288,289,0.511667,0.486667,0.281717,5041,False,False,True,False,False,False,2011,16,-0.8660254037844386,0.5000000000000001,0.0,1.0
418,419,0.454167,0.554583,0.190913,5062,False,False,False,False,False,False,2012,23,0.8660254037844386,0.5000000000000001,-0.433883739117558,-0.9009688679024191
391,392,0.425,0.74125,0.342667,3456,False,False,False,False,True,False,2012,27,0.49999999999999994,0.8660254037844387,-0.9749279121818236,-0.2225209339563146
592,593,0.706667,0.619583,0.169771,7347,False,True,False,False,False,False,2012,15,-0.8660254037844385,-0.5000000000000004,0.43388373911755823,-0.900968867902419
498,499,0.6125,0.57625,0.225117,6118,True,False,False,False,False,False,2012,13,0.49999999999999994,-0.8660254037844387,0.0,1.0
138,139,0.530833,0.829583,0.108213,4575,True,False,False,False,True,False,2011,19,0.49999999999999994,-0.8660254037844387,-0.433883739117558,-0.9009688679024191
62,63,0.261667,0.610417,0.203346,1944,False,False,False,False,True,False,2011,4,1.0,6.123233995736766e-17,-0.9749279121818236,-0.2225209339563146
471,472,0.664167,0.561667,0.284829,6370,True,False,False,True,False,False,2012,16,0.8660254037844387,-0.4999999999999998,0.7818314824680298,0.6234898018587336
128,129,0.5325,0.58875,0.176,4362,True,False,False,False,False,False,2011,9,0.49999999999999994,-0.8660254037844387,0.7818314824680298,0.6234898018587336
710,711,0.353333,0.596667,0.296037,5501,False,False,True,False,True,False,2012,11,-2.4492935982947064e-16,1.0,0.9749279121818236,-0.22252093395631434
520,521,0.5975,0.487083,0.284833,6998,True,False,False,False,False,False,2012,4,1.2246467991473532e-16,-1.0,0.7818314824680298,0.6234898018587336
14,15,0.233333,0.49875,0.157963,1248,False,False,False,False,True,False,2011,15,0.49999999999999994,0.8660254037844387,-0.7818314824680299,0.6234898018587334
156,157,0.678333,0.6,0.121896,4548,True,False,False,False,False,False,2011,6,1.2246467991473532e-16,-1.0,0.7818314824680298,0.6234898018587336
40,41,0.144348,0.437391,0.221935,1538,False,False,False,False,False,False,2011,10,0.8660254037844386,0.5000000000000001,-0.433883739117558,-0.9009688679024191
492,493,0.5375,0.664167,0.230721,6273,True,False,False,False,True,False,2012,7,0.49999999999999994,-0.8660254037844387,0.7818314824680298,0.6234898018587336
379,380,0.166667,0.419167,0.251258,2311,False,False,False,False,False,False,2012,15,0.49999999999999994,0.8660254037844387,0.0,1.0
187,188,0.75,0.65125,0.1592,4592,False,True,False,False,False,False,2011,7,-0.4999999999999997,-0.8660254037844388,-0.433883739117558,-0.9009688679024191
216,217,0.710833,0.630833,0.184696,4866,False,True,False,False,False,False,2011,5,-0.8660254037844385,-0.5000000000000004,-0.9749279121818236,-0.2225209339563146
52,53,0.182222,0.577778,0.195683,1450,False,False,False,False,False,False,2011,22,0.8660254037844386,0.5000000000000001,0.9749279121818236,-0.22252093395631434
337,338,0.330833,0.775833,0.0839583,3485,False,False,True,False,False,False,2011,4,-2.4492935982947064e-16,1.0,0.0,1.0
295,296,0.421667,0.74125,0.0995125,4381,False,False,True,False,False,False,2011,23,-0.8660254037844386,0.5000000000000001,0.0,1.0
251,252,0.65,0.897917,0.124379,3544,False,True,False,False,True,False,2011,9,-1.0,-1.8369701987210297e-16,-0.9749279121818236,-0.2225209339563146
461,462,0.403333,0.377083,0.300388,6460,True,False,False,False,False,False,2012,6,0.8660254037844387,-0.4999999999999998,-0.9749279121818236,-0.2225209339563146
455,456,0.424167,0.738333,0.250617,6235,True,False,False,False,True,False,2012,31,1.0,6.123233995736766e-17,-0.7818314824680299,0.6234898018587334
728,729,0.253333,0.752917,0.124383,1341,False,False,False,False,True,False,2012,29,-2.4492935982947064e-16,1.0,-0.7818314824680299,0.6234898018587334
269,270,0.636667,0.885417,0.118171,4120,False,False,True,False,True,False,2011,27,-1.0,-1.8369701987210297e-16,0.9749279121818236,-0.22252093395631434
201,202,0.815,0.69125,0.222021,3784,False,True,False,False,True,False,2011,21,-0.4999999999999997,-0.8660254037844388,-0.433883739117558,-0.9009688679024191
161,162,0.725,0.654583,0.15485,4966,True,False,False,False,False,False,2011,11,1.2246467991473532e-16,-1.0,-0.7818314824680299,0.6234898018587334
555,556,0.710833,0.683333,0.180975,6569,False,True,False,False,True,False,2012,9,-0.4999999999999997,-0.8660254037844388,0.7818314824680298,0.6234898018587336
401,402,0.282609,0.622174,0.1538,3784,False,False,False,False,False,False,2012,6,0.8660254037844386,0.5000000000000001,0.7818314824680298,0.6234898018587336
476,477,0.57,0.682917,0.283587,6624,True,False,False,False,False,False,2012,21,0.8660254037844387,-0.4999999999999998,-0.7818314824680299,0.6234898018587334
565,566,0.77,0.600417,0.165429,6591,False,True,False,False,False,False,2012,19,-0.4999999999999997,-0.8660254037844388,-0.433883739117558,-0.9009688679024191
389,390,0.294167,0.64375,0.161071,4270,False,False,False,False,False,False,2012,25,0.49999999999999994,0.8660254037844387,0.43388373911755823,-0.900968867902419
695,696,0.313333,0.535417,0.04665,5087,False,False,True,False,False,False,2012,26,-0.5000000000000004,0.8660254037844384,0.7818314824680298,0.6234898018587336
561,562,0.745833,0.717917,0.166667,6031,False,True,False,False,False,False,2012,15,-0.4999999999999997,-0.8660254037844388,0.0,1.0
80,81,0.441667,0.624583,0.22575,2703,True,False,False,False,False,False,2011,22,1.0,6.123233995736766e-17,0.9749279121818236,-0.22252093395631434
205,206,0.743333,0.757083,0.0908083,3840,False,True,False,False,False,False,2011,25,-0.4999999999999997,-0.8660254037844388,0.7818314824680298,0.6234898018587336
34,35,0.211304,0.585217,0.127839,1708,False,False,False,False,True,False,2011,4,0.8660254037844386,0.5000000000000001,-0.9749279121818236,-0.2225209339563146
508,509,0.621667,0.774583,0.102,5260,True,False,False,False,True,False,2012,23,0.49999999999999994,-0.8660254037844387,0.43388373911755823,-0.900968867902419
427,428,0.414167,0.62125,0.161079,4066,False,False,False,False,True,False,2012,3,1.0,6.123233995736766e-17,-0.7818314824680299,0.6234898018587334
454,455,0.37,0.580833,0.138067,5459,True,False,False,False,True,False,2012,30,1.0,6.123233995736766e-17,-0.9749279121818236,-0.2225209339563146
366,367,0.273043,0.381304,0.329665,1951,False,False,False,True,False,False,2012,2,0.49999999999999994,0.8660254037844387,0.7818314824680298,0.6234898018587336
91,92,0.315,0.65375,0.197146,2252,True,False,False,False,True,False,2011,2,0.8660254037844387,-0.4999999999999998,-0.7818314824680299,0.6234898018587334
339,340,0.4625,0.949583,0.232583,2594,False,False,True,False,False,True,2011,6,-2.4492935982947064e-16,1.0,0.9749279121818236,-0.22252093395631434
564,565,0.793333,0.577083,0.137442,5713,False,True,False,False,False,False,2012,18,-0.4999999999999997,-0.8660254037844388,0.43388373911755823,-0.900968867902419
345,346,0.238333,0.670833,0.06345,3310,False,False,True,False,False,False,2011,12,-2.4492935982947064e-16,1.0,0.7818314824680298,0.6234898018587336
241,242,0.639167,0.548333,0.125008,5204,False,True,False,False,False,False,2011,30,-0.8660254037844385,-0.5000000000000004,0.9749279121818236,-0.22252093395631434
13,14,0.16087,0.537826,0.126548,1421,False,False,False,False,False,False,2011,14,0.49999999999999994,0.8660254037844387,-0.9749279121818236,-0.2225209339563146
315,316,0.356667,0.552917,0.212062,4067,False,False,True,False,False,False,2011,12,-0.5000000000000004,0.8660254037844384,-0.7818314824680299,0.6234898018587334
600,601,0.695833,0.635833,0.0845958,7765,False,True,False,False,False,False,2012,23,-0.8660254037844385,-0.5000000000000004,-0.433883739117558,-0.9009688679024191
387,388,0.218333,0.91125,0.110708,2432,False,False,False,False,True,False,2012,23,0.49999999999999994,0.8660254037844387,0.7818314824680298,0.6234898018587336
273,274,0.41,0.75375,0.292296,2429,False,False,True,False,True,False,2011,1,-0.8660254037844386,0.5000000000000001,-0.7818314824680299,0.6234898018587334
166,167,0.628333,0.688333,0.206471,3767,True,False,False,False,True,False,2011,16,1.2246467991473532e-16,-1.0,-0.433883739117558,-0.9009688679024191
724,725,0.291304,0.734783,0.168726,1013,False,False,False,True,True,False,2012,25,-2.4492935982947064e-16,1.0,0.9749279121818236,-0.22252093395631434
646,647,0.383333,0.709583,0.189679,5478,False,False,True,True,True,False,2012,8,-0.8660254037844386,0.5000000000000001,0.7818314824680298,0.6234898018587336
484,485,0.458333,0.587083,0.116908,6304,True,False,False,False,False,False,2012,29,0.8660254037844387,-0.4999999999999998,0.0,1.0
713,714,0.281667,0.642917,0.131229,5611,False,False,True,False,False,False,2012,14,-2.4492935982947064e-16,1.0,-0.9749279121818236,-0.2225209339563146
243,244,0.655,0.639167,0.141796,5115,False,True,False,False,False,False,2011,1,-1.0,-1.8369701987210297e-16,-0.433883739117558,-0.9009688679024191
566,567,0.665833,0.844167,0.208967,5870,False,True,False,False,True,False,2012,20,-0.4999999999999997,-0.8660254037844388,-0.9749279121818236,-0.2225209339563146
562,563,0.763333,0.645,0.164187,6830,False,True,False,False,False,False,2012,16,-0.4999999999999997,-0.8660254037844388,0.7818314824680298,0.6234898018587336
686,687,0.325,0.545417,0.179729,5629,False,False,True,False,False,False,2012,17,-0.5000000000000004,0.8660254037844384,-0.7818314824680299,0.6234898018587334
189,190,0.733333,0.609167,0.167912,5336,False,True,False,False,False,False,2011,9,-0.4999999999999997,-0.8660254037844388,-0.7818314824680299,0.6234898018587334
475,476,0.526667,0.694583,0.149871,7290,True,False,False,False,False,False,2012,20,0.8660254037844387,-0.4999999999999998,-0.9749279121818236,-0.2225209339563146
681,682,0.485,0.741667,0.173517,6269,False,False,True,True,False,False,2012,12,-0.5000000000000004,0.8660254037844384,0.7818314824680298,0.6234898018587336
510,511,0.68,0.747083,0.14055,6734,True,False,False,False,False,False,2012,25,0.49999999999999994,-0.8660254037844387,-0.9749279121818236,-0.2225209339563146
58,59,0.407273,0.876364,0.289686,1446,False,False,False,False,True,False,2011,28,0.8660254037844386,0.5000000000000001,0.7818314824680298,0.6234898018587336
474,475,0.498333,0.6125,0.0659292,6565,True,False,False,False,False,False,2012,19,0.8660254037844387,-0.4999999999999998,-0.433883739117558,-0.9009688679024191
560,561,0.703333,0.699167,0.143679,6969,False,True,False,False,True,False,2012,14,-0.4999999999999997,-0.8660254037844388,-0.7818314824680299,0.6234898018587334
252,253,0.66,0.75375,0.153608,5345,False,True,False,False,False,False,2011,10,-1.0,-1.8369701987210297e-16,-0.7818314824680299,0.6234898018587334
21,22,0.0591304,0.4,0.17197,981,False,False,False,False,False,False,2011,22,0.49999999999999994,0.8660254037844387,-0.7818314824680299,0.6234898018587334
313,314,0.38,0.813333,0.189067,2933,False,False,True,False,True,False,2011,10,-0.5000000000000004,0.8660254037844384,-0.433883739117558,-0.9009688679024191
459,460,0.541667,0.469583,0.180975,6436,True,False,False,False,False,False,2012,4,0.8660254037844387,-0.4999999999999998,0.43388373911755823,-0.900968867902419
160,161,0.755,0.605,0.140554,4586,True,False,False,False,False,False,2011,10,1.2246467991473532e-16,-1.0,-0.9749279121818236,-0.2225209339563146
276,277,0.484167,0.71,0.205854,4456,False,False,True,False,False,False,2011,4,-0.8660254037844386,0.5000000000000001,0.9749279121818236,-0.22252093395631434
191,192,0.7625,0.635833,0.282337,4086,False,True,False,False,False,False,2011,11,-0.4999999999999997,-0.8660254037844388,0.7818314824680298,0.6234898018587336
385,386,0.173333,0.83125,0.222642,1301,False,False,False,False,True,False,2012,21,0.49999999999999994,0.8660254037844387,-0.7818314824680299,0.6234898018587334
413,414,0.346667,0.534583,0.190929,4318,False,False,False,False,False,False,2012,18,0.8660254037844386,0.5000000000000001,-0.7818314824680299,0.6234898018587334
491,492,0.5625,0.74,0.149879,6359,True,False,False,False,True,False,2012,6,0.49999999999999994,-0.8660254037844387,0.0,1.0
343,344,0.275,0.5075,0.233221,3190,False,False,True,False,False,False,2011,10,-2.4492935982947064e-16,1.0,-0.7818314824680299,0.6234898018587334
308,309,0.326667,0.519167,0.189062,3926,False,False,True,False,False,False,2011,5,-0.5000000000000004,0.8660254037844384,-0.7818314824680299,0.6234898018587334
661,662,0.544167,0.641667,0.0945458,7466,False,False,True,False,False,False,2012,23,-0.8660254037844386,0.5000000000000001,0.9749279121818236,-0.22252093395631434
130,131,0.5425,0.632917,0.120642,4182,True,False,False,False,False,False,2011,11,0.49999999999999994,-0.8660254037844387,0.43388373911755823,-0.900968867902419
663,664,0.55,0.800417,0.124375,7359,False,False,True,False,True,False,2012,25,-0.8660254037844386,0.5000000000000001,-0.433883739117558,-0.9009688679024191
99,100,0.426667,0.8575,0.146767,2895,True,False,False,False,True,False,2011,10,0.8660254037844387,-0.4999999999999998,0.0,1.0
372,373,0.3375,0.465,0.191542,3425,False,False,False,False,False,False,2012,8,0.49999999999999994,0.8660254037844387,0.0,1.0
87,88,0.3025,0.314167,0.226996,2425,True,False,False,False,False,False,2011,29,1.0,6.123233995736766e-17,0.9749279121818236,-0.22252093395631434
458,459,0.466667,0.396667,0.100133,6772,True,False,False,False,False,False,2012,3,0.8660254037844387,-0.4999999999999998,0.9749279121818236,-0.22252093395631434
330,331,0.459167,0.698333,0.208954,3071,False,False,True,False,False,False,2011,27,-0.5000000000000004,0.8660254037844384,0.0,1.0
214,215,0.731667,0.6575,0.135583,3574,False,True,False,False,True,False,2011,3,-0.8660254037844385,-0.5000000000000004,0.43388373911755823,-0.900968867902419
466,467,0.348696,0.469565,0.295274,4862,True,False,False,False,False,False,2012,11,0.8660254037844387,-0.4999999999999998,0.43388373911755823,-0.900968867902419
121,122,0.549167,0.73,0.183454,4401,True,False,False,False,True,False,2011,2,0.49999999999999994,-0.8660254037844387,0.7818314824680298,0.6234898018587336
614,615,0.696667,0.810417,0.142421,6203,False,True,False,False,True,False,2012,6,-1.0,-1.8369701987210297e-16,-0.433883739117558,-0.9009688679024191
20,21,0.1775,0.457083,0.353242,1543,False,False,False,False,False,False,2011,21,0.49999999999999994,0.8660254037844387,-0.9749279121818236,-0.2225209339563146
700,701,0.298333,0.806667,0.0597042,5191,False,False,True,False,True,False,2012,1,-2.4492935982947064e-16,1.0,-0.7818314824680299,0.6234898018587334
71,72,0.384348,0.527391,0.270604,2417,False,False,False,False,False,False,2011,13,1.0,6.123233995736766e-17,0.0,1.0
106,107,0.456667,0.479583,0.303496,3744,True,False,False,False,False,False,2011,17,0.8660254037844387,-0.4999999999999998,0.0,1.0
270,271,0.635,0.84875,0.148629,3907,False,False,True,False,True,False,2011,28,-1.0,-1.8369701987210297e-16,0.43388373911755823,-0.900968867902419
435,436,0.361739,0.476957,0.222587,4911,False,False,False,False,False,False,2012,11,1.0,6.123233995736766e-17,0.0,1.0
102,103,0.4125,0.819167,0.250617,2162,True,False,False,False,True,False,2011,13,0.8660254037844387,-0.4999999999999998,0.43388373911755823,-0.900968867902419
